[{"Id":9,"Name":"iPhone 12 Pro Max","Price":499,"Description":"The iPhone 12 Pro Max is a premium smartphone with a 6.7-inch display and advanced cameras.","Image":"https://cdn.alloallo.media/catalog/product/apple/iphone/iphone-12-pro-max/iphone-12-pro-max-gold.jpg","ReleaseDate":"2020-10-13T00:00:00"},{"Id":10,"Name":"iPhone 13 Pro Max","Price":599,"Description":"The iPhone 13 Pro Max features a 6.7-inch display, improved cameras, and longer battery life.","Image":"https://cdn.alloallo.media/catalog/product/apple/iphone/iphone-13-pro-max/iphone-13-pro-max-sierra-blue.jpg","ReleaseDate":"2021-10-13T00:00:00"},{"Id":11,"Name":"iPhone 14 Pro Max","Price":699,"Description":"The iPhone 14 Pro Max has a 6.7-inch display, Dynamic Island, advanced cameras, and an A16 Bionic chip.","Image":"https://d3chjy2wsvtsxc.cloudfront.net/1.d/preview/0/2/02784efe_5eb57ba0_iPhone_14_Pro_Max_Deep_Purple_PDP_Image_Position-4_Design_Detail_SEA.jpg","ReleaseDate":"2022-10-13T00:00:00"},{"Id":12,"Name":"iPhone 15 Pro Max","Price":799,"Description":"The iPhone 15 Pro Max features a 6.7-inch display, Titanium frame, advanced cameras, and the A17 Pro chip.","Image":"https://www.apple.com/newsroom/images/2023/09/apple-unveils-iphone-15-pro-and-iphone-15-pro-max/tile/Apple-iPhone-15-Pro-lineup-hero-230912.jpg.news_app_ed.jpg","ReleaseDate":"2023-10-13T00:00:00"},{"Id":13,"Name":"AirPods Pro","Price":249,"Description":"Apple announces the next generation of AirPods Pro.","Image":"https://www.apple.com/newsroom/images/product/airpods/standard/Apple-AirPods-Pro-2nd-gen-hero-220907_big.jpg.large.jpg","ReleaseDate":"2022-09-01T00:00:00"}]